Imie,Nazwisko,Email,Data_rejestracji
Herta,St Ange,hstange0@deliciousdays.com,2026-01-14
Tabbi,Carabet,tcarabet1@economist.com,2025-08-22
Angie,Wapol,awapol2@berkeley.edu,2026-04-30
Edmon,Labuschagne,elabuschagne3@yandex.ru,2026-03-20
Pete,Roxbee,proxbee4@skype.com,2025-09-05
Roseanne,Godilington,rgodilington5@feedburner.com,2026-05-23
Poppy,Tzuker,ptzuker6@icq.com,2025-07-23
Eugenia,Twitching,etwitching7@so-net.ne.jp,2026-06-06
Tressa,McMarquis,tmcmarquis8@indiatimes.com,2025-09-24
Nessa,Jenkison,njenkison9@usatoday.com,2025-11-05
Casar,Clemenzo,cclemenzoa@constantcontact.com,2026-04-13
Ramsay,Grumbridge,rgrumbridgeb@ocn.ne.jp,2025-10-31
Nananne,Braghini,nbraghinic@list-manage.com,2026-06-23
Sterne,Hortop,shortopd@acquirethisname.com,2025-10-14
Caralie,Bellord,cbellorde@psu.edu,2026-06-22
Atalanta,Lampart,alampartf@dropbox.com,2026-03-14
Karoly,Nabbs,knabbsg@histats.com,2025-08-08
Vanna,Veeler,vveelerh@themeforest.net,2026-05-12
Stefano,Camies,scamiesi@sakura.ne.jp,2025-09-24
Garrick,McGeachey,gmcgeacheyj@aol.com,2025-12-16
Friedrick,Yarnold,fyarnoldk@about.me,2026-03-20
Hewett,Cancutt,hcancuttl@eepurl.com,2025-08-26
Juliane,McClory,jmcclorym@bloglines.com,2026-01-12
Corina,Stefi,cstefin@tinypic.com,2025-10-02
Huntington,Jopson,hjopsono@google.es,2026-01-14
Elwood,Feaster,efeasterp@friendfeed.com,2025-11-23
Cecile,Funnell,cfunnellq@eepurl.com,2026-07-02
Nehemiah,Pingstone,npingstoner@themeforest.net,2026-05-17
Dorothee,Berrigan,dberrigans@wiley.com,2026-03-22
Alex,Liston,alistont@istockphoto.com,2026-02-19
Dud,Mc Kellen,dmckellenu@unicef.org,2026-02-09
Jimmy,Laughrey,jlaughreyv@opera.com,2026-02-25
Kristina,Warrender,kwarrenderw@opera.com,2026-05-21
Nickolas,Yanshonok,nyanshonokx@imdb.com,2026-03-11
Elfrida,Glendinning,eglendinningy@hao123.com,2025-09-05
Roderich,Pentecost,rpentecostz@ftc.gov,2025-11-29
Panchito,Mulvenna,pmulvenna10@walmart.com,2025-11-13
Amabelle,Yakovich,ayakovich11@ft.com,2025-11-20
Egbert,Duddle,eduddle12@washington.edu,2025-12-13
Gibbie,Devany,gdevany13@bloglovin.com,2026-03-06
Heall,Rabl,hrabl14@loc.gov,2025-11-19
Chancey,Hamill,chamill15@bluehost.com,2026-02-14
Barbara-anne,Crebo,bcrebo16@diigo.com,2026-04-08
Trude,Coolahan,tcoolahan17@baidu.com,2026-01-29
Sammy,Stimson,sstimson18@theatlantic.com,2025-09-06
Ammamaria,Castanyer,acastanyer19@amazon.com,2026-06-08
Nani,Denisot,ndenisot1a@cloudflare.com,2025-10-30
Owen,Rapi,orapi1b@hc360.com,2026-05-22
Glennie,Pallant,gpallant1c@parallels.com,2025-09-25
Milzie,Freund,mfreund1d@stumbleupon.com,2026-05-03
Quinton,Witten,qwitten1e@cocolog-nifty.com,2025-08-03
Mariya,Latter,mlatter1f@sciencedirect.com,2026-05-01
Ronny,Partleton,rpartleton1g@theatlantic.com,2025-08-13
Terrye,Malia,tmalia1h@qq.com,2026-05-27
Delmar,Dockree,ddockree1i@example.com,2025-07-16
Darbee,Batstone,dbatstone1j@telegraph.co.uk,2026-04-27
Netta,Klimontovich,nklimontovich1k@flickr.com,2025-07-19
Timothea,Chaloner,tchaloner1l@pcworld.com,2026-01-20
Tuesday,Linbohm,tlinbohm1m@biblegateway.com,2026-03-01
Latashia,Stenyng,lstenyng1n@intel.com,2025-11-22
Ashlie,Tuting,atuting1o@washington.edu,2026-04-04
Kara-lynn,Poplee,kpoplee1p@reverbnation.com,2025-12-02
Arnaldo,Really,areally1q@wikimedia.org,2025-11-24
Patty,Djokic,pdjokic1r@wikispaces.com,2025-11-07
Suellen,MacGill,smacgill1s@dyndns.org,2026-06-05
Orelee,Ainsby,oainsby1t@ucoz.ru,2025-12-28
Grantley,Futty,gfutty1u@histats.com,2026-06-03
Gabriela,Fitzhenry,gfitzhenry1v@chron.com,2025-09-17
Jacklyn,Bushill,jbushill1w@blinklist.com,2025-08-05
Mortimer,Hitzke,mhitzke1x@vistaprint.com,2026-04-09
Talbert,Speir,tspeir1y@yahoo.com,2026-07-10
Justus,Zarfati,jzarfati1z@sitemeter.com,2026-01-21
Lucky,Boerder,lboerder20@aboutads.info,2025-09-12
Thatch,Cutchey,tcutchey21@imdb.com,2025-08-08
Gennifer,Trayford,gtrayford22@mapy.cz,2026-07-02
Dietrich,Twidale,dtwidale23@nbcnews.com,2026-06-04
Yale,Ivell,yivell24@mozilla.org,2026-02-22
Kary,Tissington,ktissington25@sourceforge.net,2025-08-24
Gram,Burtenshaw,gburtenshaw26@dailymotion.com,2025-07-21
Reinaldo,Josephoff,rjosephoff27@google.nl,2025-12-27
Christean,Corrett,ccorrett28@nsw.gov.au,2025-07-13
Bobbi,Illyes,billyes29@cyberchimps.com,2025-08-21
Heriberto,Housbie,hhousbie2a@psu.edu,2026-01-14
Kalil,Grise,kgrise2b@xrea.com,2026-03-15
Bethanne,Reisin,breisin2c@telegraph.co.uk,2026-03-02
Staci,Longbothom,slongbothom2d@spiegel.de,2026-01-06
Desiri,Faughey,dfaughey2e@theatlantic.com,2025-08-06
Jere,Wickey,jwickey2f@flickr.com,2026-01-31
Ainsley,Anster,aanster2g@dedecms.com,2026-06-23
Ephrem,Pettinger,epettinger2h@sbwire.com,2026-02-11
Peria,Bentson,pbentson2i@booking.com,2026-02-21
Wallis,MacKomb,wmackomb2j@upenn.edu,2026-01-19
Kiley,Furst,kfurst2k@java.com,2025-11-24
Biron,Hammerberg,bhammerberg2l@cisco.com,2026-02-15
Reinwald,Wainscot,rwainscot2m@linkedin.com,2025-09-14
Garreth,Mortlock,gmortlock2n@webnode.com,2026-05-23
Constantia,Buddock,cbuddock2o@artisteer.com,2025-09-14
Keefe,Diprose,kdiprose2p@ox.ac.uk,2025-08-25
Darrel,Gateman,dgateman2q@newyorker.com,2025-10-04
Michaeline,Durrand,mdurrand2r@nsw.gov.au,2025-08-31
Junie,De Ferrari,jdeferrari2s@storify.com,2026-05-05
Reg,Dougher,rdougher2t@samsung.com,2025-07-26
Dallas,Bedminster,dbedminster2u@amazon.de,2026-04-08
Nappy,Pudge,npudge2v@twitter.com,2025-09-07
Sascha,Hyam,shyam2w@utexas.edu,2026-03-05
Kyle,O'Crowley,kocrowley2x@over-blog.com,2026-05-18
Brant,Cridge,bcridge2y@liveinternet.ru,2026-02-05
Marja,Murrill,mmurrill2z@mysql.com,2025-08-02
Emmett,Moyce,emoyce30@prnewswire.com,2026-01-05
Glennis,Dimmer,gdimmer31@yellowbook.com,2025-07-16
Ailey,Vogelein,avogelein32@cloudflare.com,2025-08-04
Gilbert,Gouley,ggouley33@engadget.com,2026-04-21
Skip,Fairburne,sfairburne34@prnewswire.com,2026-03-08
Jemie,Gamell,jgamell35@sun.com,2025-12-20
Tedmund,Stillman,tstillman36@eepurl.com,2025-09-12
Justinian,Kraut,jkraut37@google.ru,2026-01-10
Midge,Pougher,mpougher38@csmonitor.com,2025-10-10
Fulton,Woolliams,fwoolliams39@wiley.com,2026-06-06
Mohandis,Boydle,mboydle3a@clickbank.net,2025-08-05
Miof mela,Beddall,mbeddall3b@state.gov,2025-09-07
Vin,Moulin,vmoulin3c@livejournal.com,2026-04-25
Sonia,O'Sharkey,sosharkey3d@tripod.com,2026-03-06
Cosmo,Horry,chorry3e@nymag.com,2025-08-09
Worth,Dillinger,wdillinger3f@about.me,2026-01-14
Gawain,Lampbrecht,glampbrecht3g@ucoz.ru,2026-06-23
Miner,Hupe,mhupe3h@skyrock.com,2026-04-18
Carver,Julyan,cjulyan3i@google.com,2025-10-01
Davie,Tortoise,dtortoise3j@illinois.edu,2026-02-07
Jarrid,Roscrigg,jroscrigg3k@stumbleupon.com,2026-06-09
Hervey,McRinn,hmcrinn3l@discovery.com,2026-04-18
Kippy,Ruddell,kruddell3m@aol.com,2025-09-06
Zahara,Alliband,zalliband3n@geocities.com,2026-05-21
Jolynn,Tustin,jtustin3o@google.com.au,2026-06-24
Claudina,Robelet,crobelet3p@google.co.uk,2026-03-03
Rahel,Phillcox,rphillcox3q@geocities.com,2026-03-28
Nevsa,Comino,ncomino3r@a8.net,2025-10-19
Jennee,Tomasian,jtomasian3s@salon.com,2026-06-10
Rowland,Rabat,rrabat3t@hugedomains.com,2025-12-25
Saundra,Lampbrecht,slampbrecht3u@narod.ru,2026-05-23
Rudd,Skitterel,rskitterel3v@posterous.com,2026-05-25
Thurston,Bowness,tbowness3w@comsenz.com,2026-03-31
Kaela,Cossam,kcossam3x@netvibes.com,2025-12-21
Rey,Risen,rrisen3y@ocn.ne.jp,2026-02-02
Elmo,Fike,efike3z@seesaa.net,2026-04-15
Meghann,Leggate,mleggate40@alexa.com,2025-09-17
Tristan,Gilder,tgilder41@live.com,2025-08-21
Marian,Lovelady,mlovelady42@delicious.com,2025-07-19
Marijo,Valentin,mvalentin43@nsw.gov.au,2025-11-03
Addie,Cutchee,acutchee44@merriam-webster.com,2026-01-01
Yetty,Abele,yabele45@gnu.org,2026-02-07
Gage,Mardlin,gmardlin46@fda.gov,2025-09-02
Paco,Featherbie,pfeatherbie47@blog.com,2025-07-18
Serena,Bonsale,sbonsale48@skyrock.com,2026-01-22
Lorrayne,Demschke,ldemschke49@shareasale.com,2026-05-26
Karee,Syplus,ksyplus4a@163.com,2025-10-11
Penelope,Hamments,phamments4b@mozilla.org,2025-12-24
Eulalie,Cullabine,ecullabine4c@google.it,2026-01-15
Humberto,Salasar,hsalasar4d@china.com.cn,2025-12-06
Kristofor,Kowal,kkowal4e@mapy.cz,2026-02-18
Pammy,McKeurton,pmckeurton4f@unicef.org,2026-04-13
Dev,Blankett,dblankett4g@a8.net,2025-10-01
Clarabelle,Skyram,cskyram4h@illinois.edu,2025-12-23
Gretel,Evreux,gevreux4i@tripod.com,2026-07-05
Geoff,Maier,gmaier4j@seattletimes.com,2025-07-31
Monti,Ditch,mditch4k@imdb.com,2025-11-19
Erika,Loody,eloody4l@java.com,2026-01-11
Jodi,Juszkiewicz,jjuszkiewicz4m@msu.edu,2026-01-02
Nadya,Horsefield,nhorsefield4n@networkadvertising.org,2026-04-22
Kiley,Cranch,kcranch4o@blogtalkradio.com,2025-11-19
Jeniffer,Meininger,jmeininger4p@amazon.com,2026-05-01
Serene,Macer,smacer4q@unc.edu,2025-08-06
Fifi,Hurt,fhurt4r@discuz.net,2025-12-02
Hewett,Toretta,htoretta4s@goodreads.com,2026-02-22
Vassily,Spawton,vspawton4t@netvibes.com,2026-03-30
Lyell,Brinkler,lbrinkler4u@microsoft.com,2025-10-27
Derwin,O'Hengerty,dohengerty4v@pcworld.com,2026-02-22
Elwood,Clash,eclash4w@last.fm,2025-10-03
Nerty,Rylett,nrylett4x@time.com,2026-04-08
Westleigh,Madle,wmadle4y@blinklist.com,2026-03-02
Cece,Duplock,cduplock4z@state.tx.us,2025-08-21
Brita,Quinell,bquinell50@com.com,2026-01-20
Leslie,Breawood,lbreawood51@java.com,2026-01-12
Anastasie,Adnet,aadnet52@answers.com,2025-08-21
Toma,Belvin,tbelvin53@cam.ac.uk,2026-02-05
Gustie,Jamary,gjamary54@npr.org,2026-04-10
Amble,MacCardle,amaccardle55@earthlink.net,2026-06-29
Hanny,Fleetham,hfleetham56@topsy.com,2026-06-26
Ki,Ginty,kginty57@noaa.gov,2025-10-02
Hillel,Phuprate,hphuprate58@mtv.com,2025-08-20
Jaynell,Doerffer,jdoerffer59@icq.com,2026-05-24
Morrie,Drever,mdrever5a@seesaa.net,2026-05-01
Loy,January 1st,ljanuaryst5b@t-online.de,2025-08-26
Alicia,Lode,alode5c@imageshack.us,2026-03-11
Frederigo,Rookeby,frookeby5d@weebly.com,2025-07-16
Mira,Jostan,mjostan5e@jimdo.com,2026-01-06
Gannon,Memmory,gmemmory5f@barnesandnoble.com,2026-05-19
Otis,Deppe,odeppe5g@techcrunch.com,2026-05-06
Hanni,Torrance,htorrance5h@youtube.com,2025-10-13
Gary,Almeida,galmeida5i@fda.gov,2025-09-24
Boigie,Tough,btough5j@wikimedia.org,2025-10-01
Cash,Pachmann,cpachmann5k@usnews.com,2025-08-02
Claribel,Millam,cmillam5l@ask.com,2026-05-10
Theodosia,Haistwell,thaistwell5m@archive.org,2025-09-06
Nonna,Lanon,nlanon5n@youku.com,2025-11-25
Latia,Pitchford,lpitchford5o@fotki.com,2025-08-19
Cullin,Rilings,crilings5p@pinterest.com,2025-09-10
Martino,Hanbury,mhanbury5q@ted.com,2025-11-07
Ruthe,Kiera,rkiera5r@arstechnica.com,2025-12-12
Marwin,Rhymer,mrhymer5s@wordpress.org,2025-10-21
Sydney,Comello,scomello5t@wired.com,2025-12-29
Leticia,Antonsson,lantonsson5u@goodreads.com,2026-01-18
Delcine,Hylton,dhylton5v@i2i.jp,2026-03-10
Trixy,Symcoxe,tsymcoxe5w@apple.com,2026-06-10
Nerita,Wraggs,nwraggs5x@opensource.org,2026-06-20
Rainer,Suller,rsuller5y@yandex.ru,2026-02-27
Erminie,Peter,epeter5z@seattletimes.com,2025-08-20
Cassandra,Carhart,ccarhart60@ihg.com,2025-09-01
Elenore,Jordin,ejordin61@arizona.edu,2025-09-13
Giraldo,Januszkiewicz,gjanuszkiewicz62@istockphoto.com,2025-07-16
Gearalt,Casperri,gcasperri63@ftc.gov,2025-07-27
Emelina,Tweedie,etweedie64@salon.com,2026-01-13
Jannel,Seabrooke,jseabrooke65@cbsnews.com,2026-01-11
Angelina,Barritt,abarritt66@topsy.com,2026-03-02
Ludvig,Coggen,lcoggen67@cnet.com,2026-06-28
Tarrah,Hauxwell,thauxwell68@360.cn,2025-12-11
Dom,Brightie,dbrightie69@huffingtonpost.com,2026-05-10
Elisabetta,Alcock,ealcock6a@facebook.com,2026-06-17
Miquela,Doget,mdoget6b@shinystat.com,2026-03-28
Gill,Robelin,grobelin6c@smh.com.au,2026-03-19
Brad,MacKegg,bmackegg6d@cyberchimps.com,2025-11-26
Jillane,Garnar,jgarnar6e@yellowbook.com,2026-06-15
Puff,Guirau,pguirau6f@reference.com,2025-11-25
Udell,Huygen,uhuygen6g@constantcontact.com,2025-08-10
Ella,Withringten,ewithringten6h@arstechnica.com,2026-06-26
Gwynne,Winscum,gwinscum6i@geocities.com,2026-05-23
Rakel,Orwell,rorwell6j@gov.uk,2025-11-05
Catriona,Pantecost,cpantecost6k@chicagotribune.com,2025-08-08
Krystalle,Rutherfoord,krutherfoord6l@oracle.com,2025-09-24
Abba,Ostick,aostick6m@netlog.com,2026-06-19
Lorettalorna,Blair,lblair6n@thetimes.co.uk,2025-08-21
Leonie,Jost,ljost6o@wikimedia.org,2025-10-08
Gerta,Depka,gdepka6p@statcounter.com,2026-06-24
Fee,Ponte,fponte6q@bbb.org,2026-06-28
Martie,Cottam,mcottam6r@wikispaces.com,2026-05-08
Prent,Trewhella,ptrewhella6s@ca.gov,2025-10-27
Ginevra,Shouler,gshouler6t@google.co.uk,2026-04-17
Sisely,Hartegan,shartegan6u@usa.gov,2025-11-12
Levon,McIlwrick,lmcilwrick6v@i2i.jp,2025-11-30
Haskel,Battany,hbattany6w@abc.net.au,2026-05-19
Ross,Sumsion,rsumsion6x@bbc.co.uk,2026-01-01
Pippa,Poff,ppoff6y@uol.com.br,2026-06-16
Norris,Jory,njory6z@weibo.com,2026-01-09
Jeremiah,Allewell,jallewell70@unblog.fr,2026-05-25
Leyla,Paz,lpaz71@nsw.gov.au,2025-09-02
Thea,Skilton,tskilton72@xing.com,2025-12-10
Onfroi,Hector,ohector73@privacy.gov.au,2026-01-19
Ursola,Govett,ugovett74@nyu.edu,2026-06-28
Queenie,Boots,qboots75@hhs.gov,2026-04-16
Riane,Sallis,rsallis76@bloglines.com,2026-04-10
Cornelia,Samson,csamson77@indiegogo.com,2026-04-25
Eunice,Paynes,epaynes78@dedecms.com,2025-12-15
Jermayne,Radke,jradke79@yale.edu,2025-07-28
Arlana,Huttley,ahuttley7a@t.co,2025-10-20
Alethea,Caesmans,acaesmans7b@is.gd,2025-08-05
Charyl,MacAllester,cmacallester7c@edublogs.org,2026-05-28
Mason,Gorse,mgorse7d@buzzfeed.com,2026-02-01
Clea,Barltrop,cbarltrop7e@dyndns.org,2025-08-05
Penni,Courtois,pcourtois7f@e-recht24.de,2026-01-13
Michaella,Barenski,mbarenski7g@skype.com,2026-01-18
Kary,Slides,kslides7h@forbes.com,2025-07-16
Darya,Bubbings,dbubbings7i@posterous.com,2025-08-02
Bertie,Ioannidis,bioannidis7j@springer.com,2026-01-28
Saunders,Prendeville,sprendeville7k@ehow.com,2026-05-30
Kirby,Sebrens,ksebrens7l@ebay.com,2026-06-09
Kelcie,Antos,kantos7m@goo.ne.jp,2026-01-28
Cecilius,Wandrey,cwandrey7n@themeforest.net,2026-06-17
Hurlee,Chazelas,hchazelas7o@networkadvertising.org,2026-03-27
Kippy,Pentelo,kpentelo7p@unblog.fr,2026-03-01
Gottfried,Becerra,gbecerra7q@ucoz.com,2025-08-27
Sauncho,Wilmott,swilmott7r@bandcamp.com,2025-12-22
Sheilah,Peachey,speachey7s@geocities.com,2026-06-07
Kristin,Caesar,kcaesar7t@netlog.com,2025-11-02
Benedick,McGavin,bmcgavin7u@wix.com,2025-08-20
Alberta,Roan,aroan7v@tinypic.com,2025-11-30
Jennette,Cufflin,jcufflin7w@networkadvertising.org,2025-11-07
Izak,Lewendon,ilewendon7x@google.co.uk,2025-07-23
Lyman,Sherston,lsherston7y@istockphoto.com,2026-01-15
Meier,O'Shevlan,moshevlan7z@blogtalkradio.com,2025-10-17
Karry,Adrienne,kadrienne80@feedburner.com,2026-03-16
Abe,Peinke,apeinke81@usgs.gov,2026-06-21
Sharona,Djurevic,sdjurevic82@printfriendly.com,2026-01-14
Mozes,Timson,mtimson83@reference.com,2026-01-18
Nels,Sutehall,nsutehall84@so-net.ne.jp,2025-10-13
Clotilda,Freyn,cfreyn85@forbes.com,2026-05-05
Lacie,Antonich,lantonich86@nytimes.com,2026-02-26
Flori,Acaster,facaster87@bing.com,2026-05-25
Ella,Maulin,emaulin88@chronoengine.com,2025-12-07
Vernice,Dyka,vdyka89@blogspot.com,2026-07-04
Zeke,Livett,zlivett8a@dailymail.co.uk,2026-06-16
Spence,Hassekl,shassekl8b@symantec.com,2025-12-28
Faustine,Jankin,fjankin8c@ucoz.com,2025-07-27
Glendon,Jennins,gjennins8d@dell.com,2026-02-19
Joelly,Figgs,jfiggs8e@angelfire.com,2026-02-24
Marv,Fliege,mfliege8f@networkadvertising.org,2025-12-09
Margalit,Blankau,mblankau8g@indiatimes.com,2025-08-04
Jessamine,Kaas,jkaas8h@amazon.co.uk,2026-04-23
Clemmie,Ridding,cridding8i@bluehost.com,2026-01-24
Vanya,Erangy,verangy8j@europa.eu,2026-07-09
Osmond,Stave,ostave8k@vkontakte.ru,2025-10-10
Britteny,Beneze,bbeneze8l@istockphoto.com,2026-02-06
Sadella,Fuidge,sfuidge8m@fastcompany.com,2025-07-26
Eadmund,Hachette,ehachette8n@cargocollective.com,2025-12-02
Lauraine,Kas,lkas8o@e-recht24.de,2025-07-23
Dewain,Thalmann,dthalmann8p@uol.com.br,2026-05-21
Muffin,Sheasby,msheasby8q@fema.gov,2026-01-22
Fields,Booth-Jarvis,fboothjarvis8r@facebook.com,2025-10-04
Melisande,Rogger,mrogger8s@loc.gov,2025-08-07
Kaylyn,Colrein,kcolrein8t@w3.org,2025-09-18
Haleigh,Faircloth,hfaircloth8u@elpais.com,2026-04-25
Lyn,Markel,lmarkel8v@cornell.edu,2026-02-03
Addie,Muro,amuro8w@xrea.com,2025-10-06
Libby,Matijasevic,lmatijasevic8x@walmart.com,2026-02-09
Lavinia,Mepsted,lmepsted8y@netvibes.com,2026-06-05
Timmy,Chazette,tchazette8z@myspace.com,2026-03-30
Agneta,Conwell,aconwell90@vinaora.com,2025-09-24
Sissie,Hurne,shurne91@wufoo.com,2026-06-03
Irina,Gopsill,igopsill92@archive.org,2025-09-12
Jae,Soot,jsoot93@vk.com,2026-05-14
Danna,O' Scallan,doscallan94@gizmodo.com,2026-03-02
Calypso,Kensitt,ckensitt95@goo.ne.jp,2025-12-23
Berton,Fay,bfay96@spotify.com,2026-06-19
Marieann,Howford,mhowford97@jugem.jp,2025-11-24
Berkley,Claybourne,bclaybourne98@intel.com,2026-03-23
Rinaldo,La Rosa,rlarosa99@ted.com,2025-12-10
Denney,Benardette,dbenardette9a@woothemes.com,2025-11-12
Andreas,Lowater,alowater9b@webnode.com,2026-03-06
Cheslie,Ryle,cryle9c@jiathis.com,2025-08-23
Maxi,Jouanny,mjouanny9d@themeforest.net,2025-07-14
Leann,Wythe,lwythe9e@ameblo.jp,2025-08-11
Sarita,Sutherden,ssutherden9f@apache.org,2025-12-16
Jerrilyn,Leadbeater,jleadbeater9g@businessinsider.com,2025-12-02
Reynold,Baughn,rbaughn9h@themeforest.net,2026-05-08
Mellicent,Waud,mwaud9i@wikipedia.org,2026-05-05
Jerrilee,Czajkowski,jczajkowski9j@com.com,2025-08-15
Emilie,Gravells,egravells9k@simplemachines.org,2026-04-15
Ingram,Martusov,imartusov9l@nhs.uk,2025-11-13
Trista,Dami,tdami9m@vistaprint.com,2025-12-24
Aile,De Ruggero,aderuggero9n@ted.com,2026-06-13
Odell,Race,orace9o@harvard.edu,2026-02-12
Bonny,Bourdice,bbourdice9p@economist.com,2025-10-20
Shina,Gettone,sgettone9q@free.fr,2025-10-17
Towny,Trass,ttrass9r@blinklist.com,2026-05-06
Daryl,Paton,dpaton9s@biblegateway.com,2025-08-26
Sinclare,Penritt,spenritt9t@sbwire.com,2025-12-14
Blinnie,Braznell,bbraznell9u@w3.org,2026-03-07
Bertie,Gulliford,bgulliford9v@umich.edu,2026-02-19
Tory,Pettican,tpettican9w@slate.com,2026-04-05
Lexy,Bussens,lbussens9x@cbsnews.com,2025-12-18
Johann,Sandom,jsandom9y@pinterest.com,2026-05-19
Abran,Lodge,alodge9z@csmonitor.com,2025-10-27
Yank,Domke,ydomkea0@princeton.edu,2025-07-15
Nichol,Krzyzanowski,nkrzyzanowskia1@kickstarter.com,2025-09-01
Jami,Vautin,jvautina2@narod.ru,2025-11-11
Lotte,Livesley,llivesleya3@bravesites.com,2025-09-29
Tuckie,Bewlie,tbewliea4@cocolog-nifty.com,2025-07-20
Tanhya,Orrobin,torrobina5@posterous.com,2025-12-08
Yulma,Smalles,ysmallesa6@g.co,2026-01-02
Lin,Blakely,lblakelya7@google.com.au,2026-03-17
Alex,Vaar,avaara8@ed.gov,2025-10-17
Jourdan,Tortice,jtorticea9@npr.org,2026-06-02
Maribeth,Wingate,mwingateaa@netscape.com,2025-10-19
Leonard,Stiegars,lstiegarsab@ebay.com,2025-07-25
Annadiane,Chasle,achasleac@webmd.com,2025-11-25
Carolan,Croot,ccrootad@mit.edu,2026-06-06
Claudio,McDermott,cmcdermottae@amazon.de,2025-11-22
Nedda,Praton,npratonaf@wikipedia.org,2026-03-03
Teena,Haet,thaetag@diigo.com,2025-08-20
Margaretta,Alloway,mallowayah@va.gov,2026-01-12
Kesley,Cowpe,kcowpeai@pagesperso-orange.fr,2025-08-23
Elaine,Trundle,etrundleaj@eepurl.com,2025-10-07
Angelika,Warboys,awarboysak@house.gov,2026-01-11
Nickolas,Gabbotts,ngabbottsal@booking.com,2026-03-16
Joanie,Stocking,jstockingam@macromedia.com,2026-06-16
Bailie,Dresse,bdressean@berkeley.edu,2026-06-29
Bord,Harget,bhargetao@google.com.br,2025-08-14
Jamaal,Lacer,jlacerap@go.com,2025-10-03
Brnaba,Goodhew,bgoodhewaq@who.int,2025-08-11
Felizio,Weight,fweightar@woothemes.com,2025-12-14
Guthrey,Christou,gchristouas@tinyurl.com,2025-07-21
Prinz,Pearcey,ppearceyat@mail.ru,2025-12-14
Zorina,Juliff,zjuliffau@g.co,2026-03-15
Corrine,Eldredge,celdredgeav@bbb.org,2026-03-11
Tarra,Whiterod,twhiterodaw@seattletimes.com,2026-03-08
Almeta,Cutajar,acutajarax@diigo.com,2025-09-27
Cecilla,Sandon,csandonay@youtu.be,2025-08-14
Vivie,Broadhurst,vbroadhurstaz@soup.io,2025-08-30
Torrence,Triggol,ttriggolb0@canalblog.com,2025-12-29
Nanete,Johann,njohannb1@usnews.com,2025-12-19
Kalli,Menlove,kmenloveb2@accuweather.com,2025-09-13
Borg,Lamden,blamdenb3@bandcamp.com,2026-06-25
Teddie,Abade,tabadeb4@vkontakte.ru,2025-10-01
Yetta,De Freyne,ydefreyneb5@rediff.com,2025-08-04
Kayne,Hattrick,khattrickb6@jimdo.com,2025-12-15
Erinn,Jeannon,ejeannonb7@homestead.com,2025-07-27
Bendick,Pentycross,bpentycrossb8@census.gov,2026-03-18
Crissie,Deport,cdeportb9@lulu.com,2025-10-08
Brice,Hyrons,bhyronsba@fastcompany.com,2025-12-17
Cal,Sheekey,csheekeybb@jiathis.com,2026-01-06
Amalee,Bawles,abawlesbc@un.org,2026-01-13
Kaitlin,Melwall,kmelwallbd@tinyurl.com,2025-08-20
Artemus,Donizeau,adonizeaube@nytimes.com,2025-10-12
Adelle,covino,acovinobf@scientificamerican.com,2026-04-07
Alverta,Noice,anoicebg@wp.com,2026-06-09
Sella,Hendrich,shendrichbh@google.com,2026-04-12
Cam,Hurley,churleybi@eepurl.com,2026-01-07
Tiphani,Klemensiewicz,tklemensiewiczbj@sfgate.com,2025-12-12
Rosmunda,Beastall,rbeastallbk@japanpost.jp,2026-03-12
Dedra,Osmint,dosmintbl@yellowpages.com,2025-12-28
Waite,Crease,wcreasebm@unesco.org,2025-10-10
Marty,Tellenbrook,mtellenbrookbn@umn.edu,2025-11-21
Albie,Hiseman,ahisemanbo@webnode.com,2025-10-28
Katy,Sickling,ksicklingbp@latimes.com,2025-08-15
Angelique,Cuvley,acuvleybq@forbes.com,2026-04-23
Tremayne,Masterton,tmastertonbr@nhs.uk,2025-09-28
Normie,Bennion,nbennionbs@biglobe.ne.jp,2026-03-12
Myriam,Rennles,mrennlesbt@dagondesign.com,2026-06-12
Kasey,Retter,kretterbu@delicious.com,2026-06-25
Amandie,Kirkebye,akirkebyebv@google.com.br,2026-06-15
Jacklin,Waumsley,jwaumsleybw@fastcompany.com,2026-05-10
Deanna,Lazell,dlazellbx@psu.edu,2026-03-24
Dodie,Yell,dyellby@nymag.com,2026-01-04
Kristan,Masson,kmassonbz@smh.com.au,2025-09-24
Reg,Ebbs,rebbsc0@sbwire.com,2025-08-09
Udale,Symcock,usymcockc1@goo.ne.jp,2026-05-25
Aurelea,Joynson,ajoynsonc2@google.it,2025-11-05
Dorri,Tregaskis,dtregaskisc3@ow.ly,2026-06-13
Quentin,Pafford,qpaffordc4@utexas.edu,2025-09-22
Leonard,Fairholme,lfairholmec5@bloglines.com,2025-12-03
Murray,Amthor,mamthorc6@printfriendly.com,2026-03-25
Bear,Buckmaster,bbuckmasterc7@biglobe.ne.jp,2026-02-21
Rich,Markham,rmarkhamc8@mysql.com,2025-08-29
Lynne,Heckle,lhecklec9@pagesperso-orange.fr,2026-04-17
Katuscha,Gillbee,kgillbeeca@1688.com,2026-05-30
Ignace,Ollet,iolletcb@cdbaby.com,2025-10-12
Codi,Bradock,cbradockcc@bandcamp.com,2025-08-13
Deerdre,Spering,dsperingcd@ovh.net,2026-01-29
Judon,Daysh,jdayshce@sourceforge.net,2025-07-16
Birgit,Storrar,bstorrarcf@vistaprint.com,2025-10-20
Fallon,Klebes,fklebescg@house.gov,2026-01-16
Harlen,McCullen,hmccullench@alexa.com,2025-11-26
Carina,Tildesley,ctildesleyci@smugmug.com,2026-03-05
Kirsti,Amberger,kambergercj@jimdo.com,2025-07-17
Jeffie,Eaglen,jeaglenck@mapy.cz,2025-11-26
Ricki,Phillpot,rphillpotcl@bigcartel.com,2026-02-15
Carlynne,Dietz,cdietzcm@xinhuanet.com,2025-12-02
Normie,Summerbell,nsummerbellcn@usda.gov,2026-04-07
Isabel,Follacaro,ifollacaroco@biglobe.ne.jp,2025-08-21
Hermione,Groarty,hgroartycp@eepurl.com,2026-03-26
Bryna,Screach,bscreachcq@ning.com,2025-11-26
Nickie,Ruddy,nruddycr@parallels.com,2025-08-28
Harlene,Townend,htownendcs@about.me,2025-10-26
Kris,Vassbender,kvassbenderct@google.com.br,2025-12-05
Melvyn,Chawkley,mchawkleycu@jiathis.com,2026-06-08
Murray,Kaiser,mkaisercv@ifeng.com,2026-07-04
Heidie,Schnitter,hschnittercw@phpbb.com,2026-01-26
Wayland,Rowler,wrowlercx@harvard.edu,2025-07-23
Enid,Regenhardt,eregenhardtcy@people.com.cn,2025-09-17
Chalmers,Eard,ceardcz@walmart.com,2025-09-06
Barbee,Risen,brisend0@twitter.com,2026-07-09
Dawna,Lidgey,dlidgeyd1@goo.ne.jp,2026-04-08
Mitchel,Zarb,mzarbd2@miitbeian.gov.cn,2026-06-10
Terrijo,Fullman,tfullmand3@wp.com,2025-11-25
Angela,Larrett,alarrettd4@soundcloud.com,2026-01-16
Giacopo,Sammut,gsammutd5@about.me,2026-07-03
Viva,Bilbrooke,vbilbrooked6@constantcontact.com,2025-12-18
Hyatt,Kleinlerer,hkleinlererd7@topsy.com,2026-04-24
Otis,Hazeman,ohazemand8@slate.com,2026-06-16
Sue,Guidetti,sguidettid9@so-net.ne.jp,2025-10-10
Abbe,Stoneman,astonemanda@gov.uk,2025-12-18
Lettie,Birkwood,lbirkwooddb@qq.com,2025-12-21
Murray,Logue,mloguedc@xinhuanet.com,2025-10-27
Shell,Hyrons,shyronsdd@ft.com,2025-09-12
Clarisse,Rumney,crumneyde@foxnews.com,2026-04-16
Dar,Menghi,dmenghidf@cnbc.com,2026-07-09
Annabella,Vedekhov,avedekhovdg@is.gd,2026-06-29
Price,Le-Good,plegooddh@answers.com,2026-01-25
Conan,Apfel,capfeldi@storify.com,2025-12-26
Maurizio,Salmoni,msalmonidj@stanford.edu,2026-05-16
Corrie,Cumpton,ccumptondk@stumbleupon.com,2025-07-27
Alejandro,Bulluck,abulluckdl@telegraph.co.uk,2026-01-18
Ignatius,Sudlow,isudlowdm@usda.gov,2026-05-03
Belita,Dobell,bdobelldn@furl.net,2025-07-19
Olga,Mattiussi,omattiussido@odnoklassniki.ru,2026-05-03
Charleen,Meneer,cmeneerdp@people.com.cn,2025-11-18
Josy,Rabbatts,jrabbattsdq@buzzfeed.com,2026-07-10
Forrester,Slany,fslanydr@huffingtonpost.com,2026-02-08
Estell,Norrie,enorrieds@about.me,2026-03-10
Hattie,Bethell,hbethelldt@reverbnation.com,2026-04-12
Bucky,Calabry,bcalabrydu@bloomberg.com,2025-12-14
Marcelle,Wickey,mwickeydv@yelp.com,2026-06-12
Irvine,Blasetti,iblasettidw@nsw.gov.au,2026-01-26
Kittie,Shotboult,kshotboultdx@e-recht24.de,2026-04-25
Elisha,Beard,ebearddy@timesonline.co.uk,2026-02-25
Pepillo,Fawssett,pfawssettdz@youtube.com,2026-06-01
Quentin,Cranton,qcrantone0@house.gov,2025-09-14
Rorke,Jenne,rjennee1@constantcontact.com,2026-02-28
Enoch,Emerton,eemertone2@devhub.com,2026-02-18
Benn,Dono,bdonoe3@simplemachines.org,2025-09-28
Suzanna,Ducket,sduckete4@earthlink.net,2026-01-05
Maureene,Foucher,mfouchere5@biglobe.ne.jp,2025-07-19
Crista,Kryszkiecicz,ckryszkiecicze6@plala.or.jp,2026-04-22
Ethelind,Bigadike,ebigadikee7@pagesperso-orange.fr,2025-11-24
Joice,Lilliman,jlillimane8@prweb.com,2026-06-28
Antone,Betteridge,abetteridgee9@kickstarter.com,2026-01-22
Kelci,Finnes,kfinnesea@goo.gl,2025-11-21
Melesa,Dibling,mdiblingeb@tinypic.com,2025-09-01
Mireille,Shivlin,mshivlinec@hc360.com,2025-08-05
Maridel,Suggett,msuggetted@studiopress.com,2025-08-04
Carmella,Casassa,ccasassaee@unc.edu,2025-12-23
Yehudit,Wink,ywinkef@so-net.ne.jp,2026-02-06
Sherry,Raffin,sraffineg@tiny.cc,2025-07-29
Willdon,Lambricht,wlambrichteh@feedburner.com,2025-10-06
Kelly,Ruddoch,kruddochei@nature.com,2026-05-06
Charissa,Cund,ccundej@nationalgeographic.com,2026-05-25
Bernardine,Arr,barrek@mapy.cz,2026-01-24
Reeba,Dunseith,rdunseithel@ehow.com,2025-12-01
Betti,Pearl,bpearlem@livejournal.com,2026-04-25
Brooke,Filippone,bfilipponeen@wsj.com,2026-02-10
Brennan,Czajka,bczajkaeo@guardian.co.uk,2025-07-12
Chadd,Scoon,cscoonep@woothemes.com,2026-06-08
Philip,O'Doghesty,podoghestyeq@netvibes.com,2026-01-19
Cesya,Farquharson,cfarquharsoner@sourceforge.net,2026-04-08
Drusy,Foskew,dfoskewes@harvard.edu,2026-05-18
Orel,Killwick,okillwicket@dedecms.com,2026-04-20
Gun,Braithwaite,gbraithwaiteeu@lycos.com,2026-04-22
Moira,Luby,mlubyev@addtoany.com,2025-07-19
Silvester,Meatcher,smeatcherew@twitter.com,2026-01-25
Sayer,Searsby,ssearsbyex@so-net.ne.jp,2026-02-25
Dulciana,Hallawell,dhallawelley@bravesites.com,2026-07-11
Caddric,Khosa,ckhosaez@feedburner.com,2025-07-30
Josey,Poser,jposerf0@ucoz.ru,2025-09-28
Patrizio,Cradick,pcradickf1@ted.com,2026-06-02
Benjamen,Prahl,bprahlf2@linkedin.com,2025-11-11
Tiertza,Dooler,tdoolerf3@topsy.com,2025-08-03
Zechariah,Deetlefs,zdeetlefsf4@123-reg.co.uk,2026-03-11
Gertie,Boas,gboasf5@utexas.edu,2025-09-04
Hurley,Tiddeman,htiddemanf6@wikispaces.com,2025-12-06
Bryant,Ilett,bilettf7@slideshare.net,2025-11-17
Gail,Huckel,ghuckelf8@twitpic.com,2026-06-22
Barry,Ronaldson,bronaldsonf9@ca.gov,2026-06-06
Bethina,Courcey,bcourceyfa@sogou.com,2026-07-04
Franciskus,Chatten,fchattenfb@samsung.com,2026-03-24
Edik,Ellens,eellensfc@alibaba.com,2026-02-25
Lisetta,Marquess,lmarquessfd@jimdo.com,2025-12-06
Christi,Waylen,cwaylenfe@kickstarter.com,2026-05-19
Leeann,Dodshon,ldodshonff@biglobe.ne.jp,2025-09-18
Odelle,Trusty,otrustyfg@oakley.com,2026-01-30
Raina,Millyard,rmillyardfh@gnu.org,2026-04-12
Jill,Yurtsev,jyurtsevfi@gravatar.com,2026-03-01
Aldous,Ervin,aervinfj@ibm.com,2025-12-04
Ruthann,Davis,rdavisfk@google.ca,2026-07-02
Valry,Cloke,vclokefl@uiuc.edu,2026-06-24
Inessa,Pioli,ipiolifm@intel.com,2025-11-20
Karna,Dressell,kdressellfn@huffingtonpost.com,2026-01-26
Stanislas,Lomb,slombfo@tripod.com,2026-02-09
Carry,Yurkiewicz,cyurkiewiczfp@statcounter.com,2026-02-24
Titus,Sheeran,tsheeranfq@dell.com,2025-12-09
Timmi,Brayshaw,tbrayshawfr@flavors.me,2025-11-06
Keven,Genthner,kgenthnerfs@so-net.ne.jp,2026-05-02
Noell,Clemson,nclemsonft@t-online.de,2025-11-09
Andrus,Benitez,abenitezfu@dion.ne.jp,2025-11-01
Jenine,Petschel,jpetschelfv@hexun.com,2026-04-20
Arne,Reavell,areavellfw@diigo.com,2025-07-29
Ber,McConigal,bmcconigalfx@japanpost.jp,2026-02-15
Read,Ceaplen,rceaplenfy@nps.gov,2025-08-29
Tessa,Minton,tmintonfz@stumbleupon.com,2026-02-11
Isabel,Woodall,iwoodallg0@meetup.com,2025-11-07
Jany,Phillot,jphillotg1@fda.gov,2025-10-30
Torrance,Doni,tdonig2@xrea.com,2026-03-09
Irwin,Walczak,iwalczakg3@simplemachines.org,2026-05-06
Annemarie,Ashby,aashbyg4@un.org,2025-11-03
Herman,Stiffell,hstiffellg5@apple.com,2026-05-16
Johnny,Royson,jroysong6@gizmodo.com,2026-03-11
Van,Lomaz,vlomazg7@europa.eu,2026-06-16
Freddy,Blackden,fblackdeng8@jugem.jp,2025-11-28
Dionne,Bloxham,dbloxhamg9@51.la,2026-04-03
Lilia,Normansell,lnormansellga@yellowpages.com,2025-10-04
Amerigo,Huckle,ahucklegb@geocities.jp,2025-09-12
Fayth,Viccary,fviccarygc@yellowbook.com,2025-12-20
Em,Tolemache,etolemachegd@oracle.com,2025-08-16
Darla,Jeffes,djeffesge@drupal.org,2026-06-18
Chaddie,Godsmark,cgodsmarkgf@utexas.edu,2025-11-06
Joni,Wellings,jwellingsgg@boston.com,2025-11-02
Jarvis,Selman,jselmangh@prnewswire.com,2025-07-24
Nessie,Orr,norrgi@toplist.cz,2025-08-27
Penrod,Vassar,pvassargj@ycombinator.com,2026-06-28
Nike,Roxburgh,nroxburghgk@army.mil,2025-08-08
Giana,Giovannardi,ggiovannardigl@wix.com,2026-05-28
Livy,Di Ruggero,ldiruggerogm@webnode.com,2026-02-06
Lucilia,Rhys,lrhysgn@biglobe.ne.jp,2025-09-29
Heriberto,Curton,hcurtongo@theatlantic.com,2026-06-22
Amalie,Keir,akeirgp@youtu.be,2026-06-20
Pearla,Sifflett,psifflettgq@123-reg.co.uk,2025-12-12
Whit,Nason,wnasongr@digg.com,2026-06-16
Othello,McInally,omcinallygs@hexun.com,2025-12-10
Terrence,Heaviside,theavisidegt@webmd.com,2025-11-28
Reidar,Pargeter,rpargetergu@thetimes.co.uk,2025-07-12
Carson,McKue,cmckuegv@wordpress.com,2026-06-30
Hildagarde,McCartan,hmccartangw@facebook.com,2026-06-29
Guillaume,Cunnane,gcunnanegx@mozilla.org,2025-07-22
Celisse,Sheerman,csheermangy@123-reg.co.uk,2025-12-14
Mycah,Pietz,mpietzgz@businessweek.com,2026-03-31
Hestia,Grigoletti,hgrigolettih0@slideshare.net,2026-06-17
Clayson,Giacobbo,cgiacobboh1@soup.io,2025-12-23
Kit,Dorian,kdorianh2@bluehost.com,2025-08-20
Erastus,Skillen,eskillenh3@sitemeter.com,2026-01-04
Ermanno,Whines,ewhinesh4@is.gd,2026-06-10
Pat,Matveichev,pmatveichevh5@comsenz.com,2026-02-04
Charmion,Bullant,cbullanth6@mapy.cz,2025-11-25
Ingra,Roe,iroeh7@usatoday.com,2025-08-23
Chan,Wynrahame,cwynrahameh8@desdev.cn,2026-01-22
Edik,Cogley,ecogleyh9@hud.gov,2026-05-27
Almeria,Waleworke,awaleworkeha@amazon.co.jp,2025-11-18
Lari,Hebburn,lhebburnhb@webmd.com,2026-02-26
Edin,Iddon,eiddonhc@hao123.com,2025-11-01
Susann,Sleight,ssleighthd@github.com,2026-01-14
Nicholle,Gunton,nguntonhe@mac.com,2025-11-22
Deane,Woodison,dwoodisonhf@google.cn,2025-07-30
Jesse,MacClenan,jmacclenanhg@pen.io,2025-07-13
Rosemarie,Feedome,rfeedomehh@e-recht24.de,2026-02-13
Enrica,Fullom,efullomhi@pen.io,2026-07-08
Conrade,Dominy,cdominyhj@wikipedia.org,2026-03-26
Harmon,MacIlwrick,hmacilwrickhk@deliciousdays.com,2026-06-22
Hermia,Siss,hsisshl@youtube.com,2025-08-28
Teddie,Penni,tpennihm@gmpg.org,2026-03-01
Evania,Collymore,ecollymorehn@qq.com,2026-04-07
Purcell,Markham,pmarkhamho@shop-pro.jp,2026-06-24
Iormina,Danby,idanbyhp@cnn.com,2026-04-27
Jean,Kubach,jkubachhq@parallels.com,2025-07-18
Fae,Umpleby,fumplebyhr@hhs.gov,2026-02-25
Cointon,Ubee,cubeehs@geocities.jp,2026-04-07
Ignazio,Mannock,imannockht@yahoo.co.jp,2025-12-08
Harman,Sinney,hsinneyhu@jugem.jp,2025-12-08
Carter,Albers,calbershv@nationalgeographic.com,2026-02-24
Dimitry,Hundall,dhundallhw@home.pl,2026-02-20
Wileen,Ostrich,wostrichhx@europa.eu,2026-05-10
Jordan,Manz,jmanzhy@pinterest.com,2025-12-18
Johanna,Treagust,jtreagusthz@va.gov,2025-12-30
Constantino,Hallawell,challawelli0@biblegateway.com,2026-06-24
Brock,Shillam,bshillami1@canalblog.com,2026-01-12
Mignon,Merman,mmermani2@time.com,2025-07-23
Anna-diana,Mackneis,amackneisi3@google.de,2026-04-06
Germain,Ewbach,gewbachi4@networksolutions.com,2026-02-02
Klemens,Camacho,kcamachoi5@utexas.edu,2025-08-10
Kyla,Jewks,kjewksi6@domainmarket.com,2026-05-13
Tomaso,Ruberti,trubertii7@seesaa.net,2026-02-14
Rozalie,Gamble,rgamblei8@comcast.net,2026-05-14
Christy,Scroggs,cscroggsi9@indiegogo.com,2026-03-02
Keary,Osmund,kosmundia@photobucket.com,2026-04-02
Agatha,Locket,alocketib@bing.com,2025-08-12
Whitman,Kniveton,wknivetonic@nba.com,2026-02-23
Willdon,Szymon,wszymonid@nydailynews.com,2026-04-27
Harlin,Bracken,hbrackenie@skype.com,2026-03-22
Elizabet,Fletham,eflethamif@1688.com,2026-06-19
Abby,McMurthy,amcmurthyig@dedecms.com,2025-11-25
Joni,Hubble,jhubbleih@csmonitor.com,2026-01-04
Constantina,O'Donnelly,codonnellyii@wiley.com,2025-11-30
Adora,Kenny,akennyij@pen.io,2025-07-25
Laurianne,Dunabie,ldunabieik@behance.net,2026-06-19
Rodger,Warlawe,rwarlaweil@sogou.com,2026-02-12
Helyn,Stentiford,hstentifordim@yahoo.co.jp,2026-01-04
Hope,Parsons,hparsonsin@nhs.uk,2025-11-04
Babs,Cuphus,bcuphusio@is.gd,2025-08-20
Pascale,Priestman,ppriestmanip@hud.gov,2026-04-05
Goldie,Minichillo,gminichilloiq@slideshare.net,2025-10-16
Raddy,Ragsdall,rragsdallir@umn.edu,2025-10-08
Welch,Arnholdt,warnholdtis@biblegateway.com,2025-07-24
Bank,Terry,bterryit@exblog.jp,2025-09-14
Janetta,Bussen,jbusseniu@weebly.com,2025-08-21
Gerek,Rupert,grupertiv@smh.com.au,2026-05-07
Galen,Doers,gdoersiw@reuters.com,2025-12-28
Wayland,Copas,wcopasix@wikia.com,2026-01-11
Zita,Selbach,zselbachiy@sciencedirect.com,2025-07-16
Matty,Trenfield,mtrenfieldiz@photobucket.com,2025-10-09
Marianna,Ohlsen,mohlsenj0@discuz.net,2026-02-03
Lizabeth,Berfoot,lberfootj1@globo.com,2026-05-02
Karla,Fittall,kfittallj2@freewebs.com,2026-05-01
Irwin,O'Logan,iologanj3@4shared.com,2026-03-12
Ansell,Pollastro,apollastroj4@i2i.jp,2025-07-26
Georgeanne,Beswick,gbeswickj5@bandcamp.com,2025-11-27
Haily,Baldin,hbaldinj6@tamu.edu,2025-11-28
Linn,Fearnyough,lfearnyoughj7@hexun.com,2025-08-16
Daryle,Aindrais,daindraisj8@bing.com,2025-10-26
Cecelia,Berzin,cberzinj9@gravatar.com,2025-09-20
Gnni,Seres,gseresja@vk.com,2026-06-23
Pat,McCumesky,pmccumeskyjb@squarespace.com,2025-07-22
Beth,Bell,bbelljc@microsoft.com,2025-09-15
Yolanthe,Topling,ytoplingjd@miitbeian.gov.cn,2025-10-27
Renae,Tommasuzzi,rtommasuzzije@apache.org,2026-06-15
Angelle,Dobson,adobsonjf@stumbleupon.com,2025-08-21
Shaughn,Richards,srichardsjg@oaic.gov.au,2025-07-15
Hillie,Pirri,hpirrijh@prweb.com,2026-04-19
Luciana,Addams,laddamsji@nationalgeographic.com,2026-03-04
Jillane,Hunnywell,jhunnywelljj@furl.net,2026-01-06
Conrado,Pybus,cpybusjk@unicef.org,2026-04-21
Lester,Gonthard,lgonthardjl@acquirethisname.com,2025-10-25
Donovan,Matteucci,dmatteuccijm@statcounter.com,2026-07-04
Elmira,Bilofsky,ebilofskyjn@weebly.com,2026-04-27
Rich,Lorant,rlorantjo@constantcontact.com,2026-03-21
Christabel,McCory,cmccoryjp@usa.gov,2025-10-22
Briant,Chippindale,bchippindalejq@marriott.com,2025-10-02
Cullie,Iannetti,ciannettijr@intel.com,2026-04-27
Wallis,Maingot,wmaingotjs@4shared.com,2026-04-09
Keefe,Reape,kreapejt@prlog.org,2026-06-22
Valdemar,Marsy,vmarsyju@ft.com,2025-08-30
Kimball,Buckam,kbuckamjv@goo.ne.jp,2025-09-10
Janeczka,Marshland,jmarshlandjw@slashdot.org,2026-07-02
Prentiss,McCraine,pmccrainejx@hubpages.com,2026-01-21
Hebert,Perell,hperelljy@wisc.edu,2025-12-14
Carree,Fairholme,cfairholmejz@xinhuanet.com,2025-12-09
Felicio,Gaines,fgainesk0@symantec.com,2026-01-13
Say,Vasishchev,svasishchevk1@google.co.uk,2026-03-27
Trip,Woolens,twoolensk2@businessinsider.com,2026-01-21
Fey,Rides,fridesk3@examiner.com,2026-03-18
Cordy,Codman,ccodmank4@jalbum.net,2026-03-15
Stefan,Grenfell,sgrenfellk5@auda.org.au,2026-03-10
Misty,Blasio,mblasiok6@samsung.com,2025-12-23
Emmott,Kabsch,ekabschk7@techcrunch.com,2026-05-02
Ramsay,Triplet,rtripletk8@admin.ch,2026-01-13
Pepillo,Kilgallon,pkilgallonk9@weibo.com,2026-06-19
Thatcher,Caslake,tcaslakeka@mac.com,2025-08-02
Dani,Roddick,droddickkb@businessinsider.com,2025-10-07
Kally,Tink,ktinkkc@imdb.com,2026-03-06
Margarethe,Hassall,mhassallkd@devhub.com,2025-09-28
Cirilo,Presdie,cpresdieke@google.com.hk,2026-04-07
Sandye,MacKilroe,smackilroekf@goo.gl,2025-07-14
Elie,Herreran,eherrerankg@prweb.com,2026-02-08
Zsazsa,Foxen,zfoxenkh@salon.com,2025-08-11
Delmar,Duffield,dduffieldki@mail.ru,2026-05-28
Kyrstin,Hullin,khullinkj@nih.gov,2026-01-20
Madelina,Johnston,mjohnstonkk@hibu.com,2026-01-26
Caron,Meaney,cmeaneykl@barnesandnoble.com,2025-12-29
Jerrold,Gehrtz,jgehrtzkm@webmd.com,2026-05-01
Dael,Dearan,ddearankn@infoseek.co.jp,2025-08-29
Benetta,Clemanceau,bclemanceauko@techcrunch.com,2025-08-21
Mel,Flintuff,mflintuffkp@abc.net.au,2025-10-30
Garvey,Fairy,gfairykq@nytimes.com,2025-10-14
Lissy,Eouzan,leouzankr@ucla.edu,2026-07-07
Holly,Kochlin,hkochlinks@google.cn,2026-06-25
Jeanne,Hargroves,jhargroveskt@jiathis.com,2026-03-13
Teodoro,Belham,tbelhamku@nifty.com,2025-11-21
Alain,Gladstone,agladstonekv@tinyurl.com,2026-06-27
Bevan,Pfiffer,bpfifferkw@blogs.com,2026-03-14
Brook,Mordin,bmordinkx@ibm.com,2026-06-28
Dode,Filtness,dfiltnessky@google.ca,2026-01-29
Fabiano,Pledge,fpledgekz@wikimedia.org,2025-11-10
Cathie,Voss,cvossl0@wunderground.com,2025-08-23
Orelie,Dackombe,odackombel1@odnoklassniki.ru,2025-12-10
Ermin,Zottoli,ezottolil2@yahoo.co.jp,2026-04-12
Cort,Botha,cbothal3@utexas.edu,2026-06-07
Andra,Downie,adowniel4@gizmodo.com,2026-03-05
Gale,Veljes,gveljesl5@w3.org,2026-02-02
Gwenneth,Spence,gspencel6@utexas.edu,2026-01-22
Heinrik,Sprakes,hsprakesl7@va.gov,2025-09-26
Hamnet,Mungin,hmunginl8@ning.com,2025-11-16
Brandtr,Milligan,bmilliganl9@alexa.com,2025-12-28
Gabriello,Brosetti,gbrosettila@java.com,2026-02-21
Serena,Howsam,showsamlb@naver.com,2026-01-24
Jeffry,Whitsey,jwhitseylc@twitpic.com,2026-02-23
Marianna,Caird,mcairdld@gov.uk,2025-08-02
Allx,Juden,ajudenle@google.pl,2025-07-13
Celestia,Champerlen,cchamperlenlf@whitehouse.gov,2026-06-11
Rosamund,Gunstone,rgunstonelg@stanford.edu,2025-10-20
Hanni,Gelly,hgellylh@hubpages.com,2025-12-17
Merrill,Cleverly,mcleverlyli@arizona.edu,2025-12-19
Celestina,Bome,cbomelj@goo.gl,2025-12-06
Merci,Hendrix,mhendrixlk@google.pl,2026-05-13
Raine,Domerque,rdomerquell@oaic.gov.au,2025-08-07
Doug,Standage,dstandagelm@google.ca,2025-09-03
Lesley,Marunchak,lmarunchakln@storify.com,2025-11-14
Cecelia,Newlands,cnewlandslo@smh.com.au,2026-02-26
Janis,Jocelyn,jjocelynlp@chronoengine.com,2025-11-21
Hazel,Robel,hrobellq@mapquest.com,2025-10-12
Blithe,Cunliffe,bcunliffelr@webmd.com,2025-09-14
Johnette,Woollcott,jwoollcottls@europa.eu,2026-02-21
Stevy,Clew,sclewlt@hibu.com,2025-11-30
Zsa zsa,Roddie,zroddielu@reverbnation.com,2025-11-27
Marketa,Pimblotte,mpimblottelv@homestead.com,2025-11-19
Andrej,Parfrey,aparfreylw@goo.gl,2025-12-27
Estevan,Danniel,edanniellx@qq.com,2025-09-23
Garrek,Corona,gcoronaly@fema.gov,2025-07-24
Laurent,Marshal,lmarshallz@guardian.co.uk,2026-04-22
Davide,Blackler,dblacklerm0@hibu.com,2025-10-09
Joel,Symson,jsymsonm1@ehow.com,2025-10-29
Evey,Licciardello,elicciardellom2@typepad.com,2025-08-29
Philippa,Hazard,phazardm3@technorati.com,2026-02-26
Michell,Lucia,mluciam4@arizona.edu,2026-05-20
Janeczka,Vaadeland,jvaadelandm5@pinterest.com,2025-07-26
Aubrie,Bettleson,abettlesonm6@elpais.com,2025-09-12
Jacquenetta,Luberto,jlubertom7@etsy.com,2025-09-06
Amalle,Hempshall,ahempshallm8@woothemes.com,2026-01-21
Dulcie,Feedham,dfeedhamm9@lycos.com,2025-09-04
Riordan,Toone,rtoonema@arizona.edu,2025-09-07
Jareb,McGeechan,jmcgeechanmb@i2i.jp,2025-10-08
Waverly,Mostyn,wmostynmc@wunderground.com,2026-05-06
Rita,Gladwish,rgladwishmd@kickstarter.com,2025-12-30
Pennie,de Clercq,pdeclercqme@drupal.org,2025-09-06
Karlis,Orys,korysmf@lulu.com,2025-07-30
Sharai,Tidball,stidballmg@uol.com.br,2025-09-18
Mead,Hullot,mhullotmh@slate.com,2026-03-22
Isahella,Janca,ijancami@purevolume.com,2025-10-21
Hinda,Rebillard,hrebillardmj@cnbc.com,2025-11-08
Lyman,Sorensen,lsorensenmk@unblog.fr,2026-05-11
Rodie,Youle,ryouleml@thetimes.co.uk,2026-03-15
Breena,Nucator,bnucatormm@usatoday.com,2026-05-07
Salvatore,Brehaut,sbrehautmn@histats.com,2026-06-22
Benyamin,Roback,brobackmo@gravatar.com,2025-09-14
Cicily,Muller,cmullermp@sogou.com,2025-08-27
Nora,Valente,nvalentemq@linkedin.com,2026-05-25
Andres,Steade,asteademr@cdc.gov,2026-03-04
Marie-jeanne,Dowbakin,mdowbakinms@rediff.com,2026-01-21
Benson,Vidgeon,bvidgeonmt@reuters.com,2025-07-17
Adrien,Comerford,acomerfordmu@so-net.ne.jp,2025-08-26
Lolly,Strettle,lstrettlemv@wordpress.com,2026-05-29
Lauritz,Doubleday,ldoubledaymw@privacy.gov.au,2025-08-06
Kamilah,Hamflett,khamflettmx@sphinn.com,2026-04-04
Scot,Ivakhnov,sivakhnovmy@statcounter.com,2025-12-24
Dore,O'Siaghail,dosiaghailmz@epa.gov,2025-12-10
Skip,Winscomb,swinscombn0@answers.com,2026-06-09
Dallis,Weeden,dweedenn1@oakley.com,2026-03-25
Bettina,Kent,bkentn2@cdc.gov,2026-06-15
Harrie,Lomasny,hlomasnyn3@ask.com,2026-01-08
Bartel,Silverstone,bsilverstonen4@domainmarket.com,2026-01-11
Herrick,Melchior,hmelchiorn5@myspace.com,2026-06-26
Mic,Murdie,mmurdien6@cafepress.com,2026-03-18
Marcos,Earie,mearien7@ezinearticles.com,2025-12-11
Hinda,Peirone,hpeironen8@gizmodo.com,2026-05-12
Wilhelm,Ducarel,wducareln9@boston.com,2025-08-17
Norean,Mallalieu,nmallalieuna@mail.ru,2025-11-14
Donny,MacCahey,dmaccaheynb@hostgator.com,2025-11-14
Melisande,Hawse,mhawsenc@goo.gl,2026-01-16
Olenka,Brotherick,obrothericknd@weebly.com,2025-08-28
Farris,Florio,fflorione@taobao.com,2025-10-19
Armando,Westwater,awestwaternf@google.nl,2025-12-04
Daveta,Chin,dchinng@auda.org.au,2026-06-27
Patten,Pfeffer,ppfeffernh@freewebs.com,2026-01-01
Claudina,Matherson,cmathersonni@bluehost.com,2026-04-09
Sigfried,Boswood,sboswoodnj@elpais.com,2025-10-27
Margarita,Lamort,mlamortnk@barnesandnoble.com,2026-03-10
Neilla,Westrip,nwestripnl@merriam-webster.com,2026-04-21
Holly,Silber,hsilbernm@theglobeandmail.com,2026-05-25
Christy,Rooper,croopernn@newsvine.com,2025-12-11
Christophe,Heatlie,cheatlieno@mayoclinic.com,2026-02-09
Darrelle,Swalwell,dswalwellnp@rediff.com,2025-08-30
Woodrow,Paur,wpaurnq@sciencedirect.com,2025-11-14
Terrance,Tofano,ttofanonr@slashdot.org,2026-06-17
Elise,Grisbrook,egrisbrookns@yellowbook.com,2025-10-30
Lucais,Pires,lpiresnt@google.es,2026-03-18
Mitzi,De Filippi,mdefilippinu@merriam-webster.com,2026-06-08
Allan,Dowbakin,adowbakinnv@sfgate.com,2025-12-21
Ramonda,Boutton,rbouttonnw@google.pl,2026-05-06
Shea,Sapseed,ssapseednx@shinystat.com,2025-12-09
Ardisj,Wardingly,awardinglyny@csmonitor.com,2026-06-03
Gabriela,Posner,gposnernz@behance.net,2026-04-11
Lisa,Emeny,lemenyo0@unblog.fr,2025-10-22
Kaiser,Blackett,kblacketto1@163.com,2025-08-22
Marcile,Caccavella,mcaccavellao2@ted.com,2026-01-05
Irving,Petit,ipetito3@weebly.com,2025-07-21
Dolley,Ellum,dellumo4@cyberchimps.com,2025-10-02
Pablo,Singh,psingho5@people.com.cn,2026-06-25
Dorris,Blas,dblaso6@ed.gov,2026-07-07
Tiffy,Keymer,tkeymero7@aol.com,2025-08-03
Jamison,Cosens,jcosenso8@miibeian.gov.cn,2026-06-10
Brander,Kermon,bkermono9@domainmarket.com,2025-12-01
Ashlin,Skocroft,askocroftoa@goodreads.com,2026-01-18
Horten,Kornilyev,hkornilyevob@about.com,2026-06-20
Antonella,Doneld,adoneldoc@reuters.com,2025-08-12
Blisse,Carlisle,bcarlisleod@lulu.com,2025-08-21
Nevsa,Goodliff,ngoodliffoe@pcworld.com,2025-12-11
Yvon,Hindenburg,yhindenburgof@bbc.co.uk,2025-09-06
Umberto,Wooding,uwoodingog@sciencedirect.com,2025-11-28
Celestine,Parkey,cparkeyoh@berkeley.edu,2026-05-21
Glyn,Royans,groyansoi@opera.com,2025-07-19
Letisha,Coling,lcolingoj@privacy.gov.au,2026-06-12
Olimpia,Bodimeade,obodimeadeok@comcast.net,2025-11-05
Mitch,Medlen,mmedlenol@arstechnica.com,2025-09-24
Toni,Seefeldt,tseefeldtom@reverbnation.com,2026-06-05
Quintin,Midden,qmiddenon@thetimes.co.uk,2025-07-23
Clevey,Maybery,cmayberyoo@ycombinator.com,2025-12-21
Janene,Haynesford,jhaynesfordop@fotki.com,2025-09-22
Gilemette,Dykins,gdykinsoq@japanpost.jp,2026-03-02
Caitrin,Amis,camisor@deliciousdays.com,2025-08-15
Inglis,De Gregario,idegregarioos@state.gov,2026-05-07
Donella,Giggs,dgiggsot@tmall.com,2026-02-25
Rabbi,Buckenham,rbuckenhamou@state.gov,2025-07-22
Hew,Eagles,heaglesov@uol.com.br,2026-04-10
Shirlee,Barsby,sbarsbyow@tuttocitta.it,2026-03-23
Gregoire,Kigelman,gkigelmanox@sciencedaily.com,2025-10-05
Leupold,Gaytor,lgaytoroy@altervista.org,2025-11-17
Jobye,Rime,jrimeoz@instagram.com,2025-12-31
Gaylor,De Ambrosi,gdeambrosip0@taobao.com,2025-12-07
Brigida,Renneke,brennekep1@webeden.co.uk,2025-10-11
Karisa,Volk,kvolkp2@pbs.org,2026-05-01
Brewster,Kingaby,bkingabyp3@columbia.edu,2025-11-12
Benn,Vedenyakin,bvedenyakinp4@latimes.com,2026-02-03
Iris,Blacker,iblackerp5@dropbox.com,2026-01-10
Sibella,Gatrell,sgatrellp6@msn.com,2026-06-08
Dulci,Dunnico,ddunnicop7@earthlink.net,2026-04-16
Chantal,Goldsby,cgoldsbyp8@squidoo.com,2025-12-01
Nonah,McLarnon,nmclarnonp9@shop-pro.jp,2026-03-05
Dew,Enefer,deneferpa@bbb.org,2025-08-08
Jocko,Screach,jscreachpb@phpbb.com,2026-06-02
Tabbatha,Syde,tsydepc@eventbrite.com,2026-06-01
Toby,Labram,tlabrampd@creativecommons.org,2025-09-27
Sara-ann,Sterte,sstertepe@wordpress.com,2026-07-09
Elly,Goodison,egoodisonpf@deliciousdays.com,2026-06-12
Rosette,Berre,rberrepg@abc.net.au,2025-09-13
Kippar,McNish,kmcnishph@yellowbook.com,2025-09-07
Tammy,Lethieulier,tlethieulierpi@wsj.com,2025-11-05
Hollis,Hadwen,hhadwenpj@walmart.com,2025-08-02
Kaylee,Elph,kelphpk@a8.net,2026-02-07
Johnette,Mea,jmeapl@sina.com.cn,2026-01-27
Debbie,Pilley,dpilleypm@sciencedaily.com,2026-01-29
Maritsa,Skitral,mskitralpn@accuweather.com,2025-12-01
Tommie,Peirazzi,tpeirazzipo@infoseek.co.jp,2025-08-25
Anton,Treadgall,atreadgallpp@furl.net,2025-07-12
Albertina,Peniman,apenimanpq@ucoz.ru,2025-09-26
Fons,Jecks,fjeckspr@tripod.com,2025-08-02
Arlen,Handlin,ahandlinps@stumbleupon.com,2025-12-31
Honey,Skitch,hskitchpt@aol.com,2025-08-28
Dorelle,Grantham,dgranthampu@toplist.cz,2026-04-03
Meriel,Fitzmaurice,mfitzmauricepv@goo.ne.jp,2026-06-15
Reina,Ainsley,rainsleypw@icio.us,2026-06-03
Alane,McAuslene,amcauslenepx@netvibes.com,2026-01-11
Hakim,Bransdon,hbransdonpy@china.com.cn,2025-08-30
Vernice,Lampkin,vlampkinpz@w3.org,2025-09-30
Gail,Gammage,ggammageq0@google.ru,2026-04-27
Iolanthe,Lamdin,ilamdinq1@alexa.com,2026-04-29
Tedi,MacVicar,tmacvicarq2@csmonitor.com,2025-09-11
Ettie,Robertet,erobertetq3@mayoclinic.com,2026-05-29
Linette,Fieldgate,lfieldgateq4@weibo.com,2025-10-23
Georgianne,Kiff,gkiffq5@nba.com,2025-12-14
Ronalda,Antosch,rantoschq6@tinypic.com,2026-04-04
Tann,Iacapucci,tiacapucciq7@phoca.cz,2025-08-13
Adrian,Benez,abenezq8@wikipedia.org,2026-03-26
Venita,Bradnick,vbradnickq9@dailymotion.com,2026-03-23
Marylou,Esby,mesbyqa@ucoz.ru,2026-05-12
Gwen,De la Feld,gdelafeldqb@ucoz.com,2026-05-10
Ralf,Labb,rlabbqc@google.co.jp,2025-10-16
Artair,Sallows,asallowsqd@mtv.com,2026-01-16
Ximenes,Bramhill,xbramhillqe@java.com,2026-05-31
Marina,Chalk,mchalkqf@admin.ch,2025-09-23
Roxi,Rohan,rrohanqg@aboutads.info,2026-06-16
Vivien,O Sullivan,vosullivanqh@wiley.com,2026-06-19
Beilul,Lecordier,blecordierqi@indiegogo.com,2026-05-01
Germayne,Shovelton,gshoveltonqj@yahoo.com,2026-06-24
Rozanna,Murdie,rmurdieqk@nymag.com,2025-11-18
Joseph,Funnell,jfunnellql@blog.com,2026-03-04
Clyde,Pittford,cpittfordqm@thetimes.co.uk,2026-05-22
Nathalie,Rennie,nrennieqn@techcrunch.com,2025-10-02
Norby,Filipczak,nfilipczakqo@bizjournals.com,2026-06-17
Raymond,Larkcum,rlarkcumqp@timesonline.co.uk,2025-10-19
Roberto,Yule,ryuleqq@ning.com,2025-08-20
Hazlett,Lyffe,hlyffeqr@census.gov,2025-11-05
Merline,Vasilchenko,mvasilchenkoqs@liveinternet.ru,2026-07-11
Wandie,Imlen,wimlenqt@who.int,2026-06-08
Gay,Campey,gcampeyqu@msu.edu,2025-12-22
Ingar,Swindles,iswindlesqv@cloudflare.com,2026-01-13
Kelley,Hayen,khayenqw@bizjournals.com,2025-12-25
Paddie,Worswick,pworswickqx@paginegialle.it,2026-06-09
Pen,Bushill,pbushillqy@globo.com,2025-08-31
Ertha,Barthrop,ebarthropqz@opera.com,2026-05-26
Oneida,De Freitas,odefreitasr0@marriott.com,2026-05-11
Ramonda,Ceely,rceelyr1@vimeo.com,2026-02-17
Yolane,Chaim,ychaimr2@merriam-webster.com,2026-04-04
Rafaela,Martineau,rmartineaur3@ihg.com,2026-07-11
Henry,Sigg,hsiggr4@purevolume.com,2026-01-08
Bron,Koppe,bkopper5@acquirethisname.com,2025-10-20
L;urette,Bossel,lbosselr6@house.gov,2026-02-10
Kimmie,Tree,ktreer7@nhs.uk,2025-11-17
Eileen,Espada,eespadar8@soundcloud.com,2026-02-12
Krissie,Moraleda,kmoraledar9@miitbeian.gov.cn,2026-06-29
Darill,Bransgrove,dbransgrovera@marketwatch.com,2025-07-17
Theodora,Goodboddy,tgoodboddyrb@skype.com,2025-10-14
Marcelline,Schwandermann,mschwandermannrc@about.com,2025-08-19
Antonella,Seagrove,aseagroverd@illinois.edu,2025-08-09
Walker,Vakhrushin,wvakhrushinre@so-net.ne.jp,2025-10-13
Britte,Semper,bsemperrf@umich.edu,2026-06-03
Rowe,Durtnall,rdurtnallrg@scientificamerican.com,2025-12-24
Waneta,Sherborne,wsherbornerh@webeden.co.uk,2026-02-17
Shandy,Corp,scorpri@sourceforge.net,2025-11-25
Fawn,Delnevo,fdelnevorj@nbcnews.com,2025-11-26
Cybil,Pickin,cpickinrk@live.com,2025-11-10
Andie,Pirazzi,apirazzirl@twitpic.com,2026-05-24
Lamont,Edess,ledessrm@economist.com,2026-01-22
Moss,Chittey,mchitteyrn@themeforest.net,2025-09-28
Vivien,Stolle,vstollero@stanford.edu,2025-09-28
Jamal,Shimman,jshimmanrp@gmpg.org,2026-06-13
Cate,Flindall,cflindallrq@infoseek.co.jp,2025-09-24
Umberto,Godfrey,ugodfreyrr@forbes.com,2026-05-24
